Adele_Goldberg	//upload.wikimedia.org/wikipedia/commons/thumb/3/36/Adele_Goldberg_at_PyCon_2007.jpg/200px-Adele_Goldberg_at_PyCon_2007.jpg	Adele Goldberg (Cleveland, Ohio, 22 de julho de 1945) é uma cientista da computação estadunidense, autora e co-autora de livros sobre a linguagem de programação Smalltalk-80.	 estadunidense	|Nascidos em 1945|Mulheres cientistas da computação|Cientistas da computação dos Estados Unidos|Naturais de Cleveland|	
Adele_Goldstine	sem foto	Adele Goldstine (nascida Adele Katz; Nova Iorque, 21 de dezembro de 1920 – novembro de 1964) foi uma programadora de computador estadunidense. Escreveu a descrição técnica completa do primeiro computador eletrônico digital, o ENIAC. Através de seu trabalho programando o computador, desempenhou um papel fundamental em converter o ENIAC de um computador que precisava ser reprogramado toda vez que era usado em um que estava capacitado a executar um conjunto de cinquenta instruções armazenadas.1	 Estadunidense	|Nascidos em 1920|Mortos em 1964|Mulheres cientistas da computação|Mulheres na tecnologia|Programadores dos Estados Unidos|Alunos da Universidade de Michigan|Judeus dos Estados Unidos|Naturais de Nova Iorque (cidade)|	
Alexandra_Elbakyan	//upload.wikimedia.org/wikipedia/commons/thumb/d/d5/Alexandra_Elbakyan.jpg/200px-Alexandra_Elbakyan.jpg	Alexandra Asanovna Elbakyan  é uma cazaque estudante de pós-graduação,12 programadora de computadores e criadora do site Sci-Hub.3 A revista Nature listou-a em 2016 como uma das dez pessoas mais relevantes para a ciência.4 O jornal The New York Times a comparou com Edward Snowden,5 e a publicação Ars Technica comparou-a a Aaron Swartz.6	 cazaque	|Nascidos em 1988|Mulheres cientistas da computação|Naturais de Almaty|Ativismo de propriedade intelectual|Ciberativismo|Trans-humanistas|Neurocientistas|Segurança da informação|Conteúdo aberto|	
Allison_Randal	//upload.wikimedia.org/wikipedia/commons/thumb/1/16/Allison_Randal.jpg/200px-Allison_Randal.jpg	Alisson Randal é linguista, desenvolvedora de software e escritora. Ela é atualmente a arquiteta chefe da máquina virtual Parrot, membro do conselho diretor da Perl Foundation1, membro do conselho diretor da Python Software Foundation2 e antiga presidente da Parrot Foundation3.		|Mulheres cientistas da computação|Empresários dos Estados Unidos|	
Anita_Borg	sem foto	Anita Borg (Chicago, 17 de janeiro de 1949 – Sonoma, 6 de abril de 2003) foi uma cientista estadunidense.		|Nascidos em 1949|Mortos em 2003|Cientistas dos Estados Unidos|Mulheres cientistas da computação|	
Arfa_Karim_Randhawa	sem foto	Arfa Karim Randhawa  era uma especialista em informática paquistanesa. Ficou conhecida por se tornar em 2004 a pessoa mais jovem do mundo a receber o Certificado Profissional da Microsoft com apenas 9 anos.1	paquistanesa	|Nascidos em 1995|Mortos em 2012|Cientistas da computação do Paquistão|Programadores de computador|Mulheres cientistas da computação|Mortes por doenças cardiovasculares|	
Barbara_Liskov	//upload.wikimedia.org/wikipedia/commons/thumb/3/38/Barbara_Liskov_MIT_computer_scientist_2010.jpg/200px-Barbara_Liskov_MIT_computer_scientist_2010.jpg	Barbara Liskov, nascida Barbara Jane Huberman (Los Angeles, 7 de novembro de 19392), é uma cientista da computação estadunidense conhecida por criar o Princípio da Substituição de Liskov, por ser a primeira mulher a obter um PhD em Ciência da Computação2 nos Estados Unidos e por inventar o Tipo Abstrato de Dado (TAD)3.	Estadunidense	|Nascidos em 1939|Prêmio Turing|Professores do Instituto de Tecnologia de Massachusetts|Cientistas da computação dos Estados Unidos|Mulheres cientistas da computação|Alunos da Universidade Stanford|	
Betty_Holberton	//upload.wikimedia.org/wikipedia/commons/thumb/1/16/Betty_Holberton.jpg/200px-Betty_Holberton.jpg	Frances Elizabeth Betty Holberton (Filadélfia, 7 de março de 1917 – Rockville, Maryland, 8 de dezembro de 2001) foi uma das seis programadoras originais do ENIAC, o primeiro computador eletrônico digital de propósito geral.	 americana	|Nascidos em 1917|Mortos em 2001|Mulheres|Programadores|Mulheres na ciência|Ciência da computação|Estado-unidenses|Programadores dos Estados Unidos|Cientistas da computação dos Estados Unidos|Mulheres cientistas da computação|Mulheres na tecnologia|Naturais de Filadélfia (Pensilvânia)|	
Bonnie_Berger	//upload.wikimedia.org/wikipedia/commons/thumb/b/be/Bonnie_Berger_2014.jpg/200px-Bonnie_Berger_2014.jpg	Bonnie Anne Berger é uma matemática e cientista da computação, professora de matemática aplicada e ciência da computação do Instituto de Tecnologia de Massachusetts. Pesquisou inicialmente sobre algoritmos, e mais recentemente conduz pesquisas sobre biologia molecular computacional.2		|Fellows da ACM|Membros da Academia de Artes e Ciências dos Estados Unidos|Professores do Instituto de Tecnologia de Massachusetts|Matemáticas|Mulheres cientistas da computação|Cientistas da computação dos Estados Unidos|Matemáticos dos Estados Unidos do século XX|Matemáticos dos Estados Unidos do século XXI|Alunos da Universidade Brandeis|Alunos do Instituto de Tecnologia de Massachusetts|	
Clarisse_Sieckenius	sem foto	Clarisse Sieckenius de Souza (Rio de Janeiro) é professora Titular no Departamento de Informática da Pontifícia Universidade Católica do Rio de Janeiro (PUC-Rio), onde ela faz pesquisas na área de interação humano-computador (HCI) e desenvolveu a teoria da engenharia semiótica.1	Brasileira	|Pesquisadores da interação humano-computador|Tradutores do Brasil|Alunos da Pontifícia Universidade Católica do Rio de Janeiro|Professores da Pontifícia Universidade Católica do Rio de Janeiro|Mulheres cientistas da computação|Semióticos|	
Daphne_Koller	sem foto	Daphne Koller (27 de agosto de 1968) é uma cientista da computação israelense-estadunidense, professora do Departamento de Ciência da Computação da Universidade Stanford.1 É uma dos fundadores do Coursera, uma plataforma educacional online. Sua área de pesquisa geral é inteligência artificial23 e suas aplicações em ciências biomédicas.4 Foi destaque em um artigo de 2004 do MIT Technology Review intitulado 10 Emerging Technologies That Will Change Your World,5 referente ao tópico de aprendizado de máquina bayesiano.6		|Nascidos em 1968|Membros da Academia Nacional de Engenharia dos Estados Unidos|Membros da Academia de Artes e Ciências dos Estados Unidos|Pesquisadores da inteligência artificial|Roboticistas dos Estados Unidos|Professores da Escola de Engenharia da Universidade Stanford|Mulheres cientistas da computação|Mulheres estatísticas|Alunos da Universidade Stanford|Bolsistas MacArthur|Judeus dos Estados Unidos|Naturais de Jerusalém|	
Dorit_Aharonov	sem foto	Dorit Aharonov  é uma cientista da computação israelense, especialista em computação quântica.		|Nascidos em 1970|Professores visitantes do Instituto de Estudos Avançados de Princeton|Matemáticas|Mulheres cientistas da computação|Cientistas da computação de Israel|Alunos da Universidade Hebraica de Jerusalém|Alunos do Instituto Weizmann|	
Emma_Haruka_Iwao	//upload.wikimedia.org/wikipedia/commons/thumb/6/60/Emma_Haruka_Iwao_in_Morocco.jpg/200px-Emma_Haruka_Iwao_in_Morocco.jpg	Emma Haruka Iwao é uma cientista da computação japonesa e Engenheira de Desenvolvimento Cloud do Google. Em 2019, Haruka Iwao calculou o valor de pi mais preciso do mundo, que incluiu 31,4 trilhões de dígitos. 		|Nascidos em 1986|Matemáticas do Japão|Mulheres cientistas da computação|Cientistas da computação|Recordes Mundiais|Ciência da computação|	
Ã‰va_Tardos	sem foto	Éva Tardos (Budapeste, 1 de outubro de 1957) é uma matemática húngara. É professora da cátedra Jacob Gould Schurman de ciência da computação da Universidade Cornell. Tardos obteve o diploma de matemática em 1981 e um doutorado em 1984 pela Universidade Eötvös Loránd, orientada por András Frank.1 Gábor Tardos é seu irmão mais jovem.2	Húngara	|Nascidos em 1957|Membros da American Mathematical Society|Fellows da ACM|Membros da SIAM|Membros da Academia Nacional de Engenharia dos Estados Unidos|Membros da Academia Nacional de Ciências dos Estados Unidos|Professores da Universidade Cornell|Mulheres cientistas da computação|Mulheres na tecnologia|Cientistas da computação da Hungria|Matemáticos da Hungria|Bolsistas Guggenheim|Naturais de Budapeste|	
Evelyn_Boyd_Granville	sem foto	Evelyn Boyd Granville, nasceu em Washington, D.C. em 1º de maio de 1924. É a segunda mulher negra a receber o doutorado em Matemática, na Universidade Yale, sendo que a primeira foi Euphemia Haynes, em 194312. Começou a trabalhar para a IBM, em 1956, criando para a NASA os softwares dos projetos espaciais Vanguard e Mercury. Professora durante 30 anos, desde 1967, encorajou alunos ao estudo da matemática, antes de se aposentar das salas de aula3. 	 Americana	|Nascidos em 1924|Mulheres cientistas da computação|Mulheres cientistas dos Estados Unidos|Alunos da Universidade Yale|Mulheres na tecnologia|	
Frances_Allen	//upload.wikimedia.org/wikipedia/commons/thumb/a/a7/Allen_mg_2528-c.jpg/200px-Allen_mg_2528-c.jpg	Frances Elizabeth Fran Allen (Nova Iorque, 4 de agosto de 1932) é uma informática estadunidense e pioneira no campo de otimização de compiladores. Suas realizações incluem trabalho influente em compiladores, otimização de códigos e computação paralela. Ela também teve um trabalho de inteligência em linguagens de programação e códigos de segurança para a National Security Agency.12	Estadunidense	|Nascidos em 1932|Prêmio Turing|Membros da Academia Nacional de Engenharia dos Estados Unidos|Membros da Academia de Artes e Ciências dos Estados Unidos|Fellows da ACM|Fellows do Instituto de Engenheiros Eletricistas e Eletrônicos|IBM|Pessoas da IBM|Cientistas da computação dos Estados Unidos|Mulheres cientistas da computação|Alunos da Universidade do Estado de Nova Iorque em Albany|Alunos da Universidade de Michigan|	
Frances_Spence	sem foto	Frances Spence (nascida Frances Bilas; Filadélfia, 2 de março de 1922 – 18 de julho de 2012) foi uma das primeiras programadoras do ENIAC.1		|Nascidos em 1922|Mortos em 2012|Pioneiros da computação|Mulheres cientistas da computação|Matemáticos dos Estados Unidos do século XX|Naturais de Filadélfia (Pensilvânia)|	
Ginni_Rometty	//upload.wikimedia.org/wikipedia/commons/thumb/a/ab/Ginni_Rometty_at_the_Fortune_MPW_Summit_in_2011.jpg/200px-Ginni_Rometty_at_the_Fortune_MPW_Summit_in_2011.jpg	Virginia Marie Ginni Rometty (Chicago, 2 de julho de 1957) é uma executiva de negócios estadunidense. É a atual Chairwoman e CEO da IBM, e a primeira mulher a ser líder da companhia.12 Antes de se tornar presidente e CEO, em Janeiro de 2012, esteve nas posições de Vice-Presidente Sênior e Executiva de Vendas, Marketing e Estratégia na International Business Machines (IBM). Foi indicada pela revista Fortune como uma das 50 mulheres mais poderosas dos negócios por oito anos consecutivos, ficando em primeiro lugar em 2012,3 e ela esteve em 15o. lugar na lista de 100 mulheres mais poderosas do mundo da revista Forbes no mesmo ano.4 Foi nomeada para o Time 100 em 20125, e foi incluída na lista das 50 Mais influentes da revista Bloomberg Markets em Setembro de 2012.	Estadunidense	|Nascidos em 1957|Executivos da IBM|Mulheres na engenharia|Mulheres cientistas da computação|Naturais de Chicago|	
Grace_Hopper	//upload.wikimedia.org/wikipedia/commons/thumb/a/ad/Commodore_Grace_M._Hopper%2C_USN_%28covered%29.jpg/250px-Commodore_Grace_M._Hopper%2C_USN_%28covered%29.jpg	Grace Murray Hopper (Nova Iorque, 9 de dezembro de 1906 — Condado de Arlington, 1 de janeiro de 1993) foi uma analista de sistemas da Marinha dos Estados Unidos nas décadas de 1940 e 1950 e almirante. Criou a linguagem de programação Flow-Matic, hoje extinta, que serviu como base para a criação do COBOL. Foi também uma das primeiras programadoras do Harvard Mark I1 em 1944.	Estadunidense	|Nascidos em 1906|Mortos em 1992|Medalha Nacional de Tecnologia e Inovação|Inventoras|Pioneiros da computação|Projetistas de linguagens de programação|Programadores dos Estados Unidos|Cientistas dos Estados Unidos|Matemáticos dos Estados Unidos|Mulheres cientistas da computação|Almirantes dos Estados Unidos|Alunos da Universidade Yale|Sepultados no Cemitério Nacional de Arlington|Naturais de Nova Iorque (cidade)|	
Jaime_Teevan	sem foto	Jaime Teevan (nascida em 1976) é uma cientista da computação americana conhecida por sua pesquisa em interação humano-computador e recuperação de informação. Ela é particularmente conhecida por seu trabalho de pesquisas personalizadas. De acordo com Technology Review, Teevan “é uma especialista no uso de dados sobre o conhecimento, as preferências e os hábitos das pessoas para ajudá-las a gerenciar as informações.1		|Nascidos em 1976|Pesquisadores da interação humano-computador|Pessoas em tecnologia de informação|Mulheres cientistas da computação|Empregados da Microsoft|Alunos da Universidade Yale|Alunos do Instituto de Tecnologia de Massachusetts|Professores da Universidade de Washington|	
Jean_Bartik	//upload.wikimedia.org/wikipedia/commons/thumb/3/3b/Two_women_operating_ENIAC.gif/200px-Two_women_operating_ENIAC.gif	Jean Bartik, nascida Betty Jean Jennings1 (27 de dezembro de 1924 – 23 de março de 2011) foi uma das programadoras originais do computador ENIAC.	 Estadunidense	|Nascidos em 1924|Mortos em 2011|Programadores dos Estados Unidos|Pessoas em tecnologia de informação|Mulheres cientistas da computação|Mulheres na tecnologia|Mortes por acidente vascular cerebral|	
Jean_E._Sammet	sem foto	Jean E. Sammet (23 de março de 19281 – 20 de maio de 2017) foi uma cientista da computação americana que desenvolveu a linguagem FORMAC em 1962.2	Estadunidense	|Nascidos em 1928|Mortos em 2017|Cientistas da computação dos Estados Unidos|Fellows da ACM|Mulheres cientistas da computação|Matemáticas|Mulheres na tecnologia|Naturais de Nova Iorque (cidade)|	
Jessica_Fridrich	//upload.wikimedia.org/wikipedia/commons/thumb/0/0f/JessicaFridrich.jpg/250px-JessicaFridrich.jpg	nao deu Tchecoslováquia	|Nascidos em 1963|Nascidos em 1964|Engenheiros eletricistas|Mulheres cientistas da computação|	
Joan_Feigenbaum	sem foto	Joan Feigenbaum (Brooklyn, 1958) é uma cientista da computação teórica com formação em matemática. É Professora da Cátedra Grace Murray Hopper de Ciência da Computação da Universidade Yale.1		|Nascidos em 1958|Membros da Associação Americana para o Avanço da Ciência|Fellows da ACM|Professores da Universidade Yale|Matemáticas|Mulheres cientistas da computação|Cientistas da computação dos Estados Unidos|Matemáticos dos Estados Unidos do século XX|Matemáticos dos Estados Unidos do século XXI|Alunos da Universidade Harvard|Alunos da Universidade Stanford|Naturais de Brooklyn|	
Joyce_K._Reynolds	sem foto	Joyce K. Reynolds (m. 28 de dezembro de  2015) foi uma cientista da computação norte-americana e uma das pioneiras da Internet.		|Nascidos no século XX|Mortos em 2015|Cientistas da computação dos Estados Unidos|Mulheres na ciência|Pioneiros da Internet|	
Karen_Aardal	//upload.wikimedia.org/wikipedia/commons/thumb/f/f6/Karen_Aardal_MFO.jpg/200px-Karen_Aardal_MFO.jpg	Karen I. Aardal (Noruega, 1961)1 é uma matemática, cientista da computação e pesquisadora operacional norueguesa e neerlandesa. Suas pesquisas envolvem otimização combinatória, programação inteira, algoritmo de aproximação e facility location, com aplicações tais como o posicionamento de veículos de emergência para otimizar seu tempo de resposta.2 É professora do Delft Institute of Applied Mathematics da Universidade Técnica de Delft3 e catedrática da Mathematical Optimization Society no período 2016–2019.45		|Nascidos em 1961|Professores da Universidade Tecnológica de Eindhoven|Professores da Universidade Técnica de Delft|Especialistas em pesquisa operacional|Matemáticas|Mulheres cientistas da computação|Matemáticos da Noruega|Matemáticos dos Países Baixos|Cientistas da computação da Noruega|Cientistas da computação dos Países Baixos|	
Karen_SpÃ¤rck_Jones	sem foto	Karen Spärck Jones FBA (26 de agosto de 1935 - 4 de abril de 2007) foi uma cientista da computação britânica que foi responsável pela criação do conceito da frequência inversa de documentos, uma tecnologia que sustenta os mecanismos de buscas mais modernos.12 Em 2019, o The New York Times publicou seu obituário tardio em sua série Overlooked, chamando ela de “a pioneira da ciência da computação para trabalhos combinando estatísticas e linguísticas, e uma defensora das mulheres neste segmento”.3		|Nascidos em 1935|Mortos em 2007|Mulheres cientistas do Reino Unido|Naturais de Huddersfield|Alunos do Girton College|Cientistas da computação do Reino Unido|Pesquisadores da inteligência artificial|Membros da British Academy|	
Katie_Bouman	sem foto	Katherine Louise Bouman (West Lafayette, Indiana, 9 de maio de 1989) é uma professora assistente de ciência da computação no Instituto de Tecnologia da Califórnia. Ela pesquisa métodos computacionais para geração de imagens e foi uma das pessoas responsáveis pela reprodução da primeira imagem de um buraco negro. Bouman foi responsável pela liderança e desenvolvimento do algoritmo responsável pelo cruzamento e correção de dados obtidos usando o Event Horizon Telescope.123		|Nascidos em 1989|Mulheres cientistas da computação|Cientistas da computação dos Estados Unidos|Alunos da Universidade de Michigan|Alunos do Instituto de Tecnologia de Massachusetts|	
Leah_Jamieson	sem foto	Leah H. Jamieson (Trenton, 27 de agosto de 1949) é uma engenheira estadunidense.		|Nascidos em 1949|Engenheiros dos Estados Unidos|Mulheres cientistas da computação|	
Lois_Haibt	sem foto	Lois Haibt é uma cientista da computação estadunidense.	 Estadunidense	|Fortran|Pioneiros da computação|Programadores dos Estados Unidos|Mulheres cientistas da computação|	
Lynn_Conway	//upload.wikimedia.org/wikipedia/commons/thumb/5/50/Lynn_Conway_July_2006.jpg/200px-Lynn_Conway_July_2006.jpg	Lynn Conway (White Plains, Nova York, 10 de janeiro de 1938) é uma cientista da computação, engenheira elétrica, inventora e ativista transexual estadunidense.1	 Estados Unidos	|Nascidos em 1938|Cientistas da computação dos Estados Unidos|Mulheres cientistas da computação|Inventoras|Inventores dos Estados Unidos|Ativistas dos direitos LGBT dos Estados Unidos|Pessoas transexuais e transgêneras dos Estados Unidos|Cientistas LGBT|	
Manuela_M._Veloso	//upload.wikimedia.org/wikipedia/commons/thumb/7/75/Manuela_Veloso_IMG_2376.jpg/200px-Manuela_Veloso_IMG_2376.jpg	Manuela Maria Veloso é uma professora Herbert A. Simon na Escola de Ciência da Computação na Universidade Carnegie Mellon. Ela foi presidente da AAAI (Associação para o Avanço da Inteligência Artificial) até 2014, e cofundadora e ex-presidente da Federação RoboCup.1 Ela é membro da AAAI, IEEE, a AAAS, e ACM. Veloso é uma especialista internacional em inteligência artificial e robótica.		|Roboticistas dos Estados Unidos|Roboticistas de Portugal|Pesquisadores da inteligência artificial|Alunos da Universidade de Boston|Alunos da Universidade Carnegie Mellon|Professores da Universidade Carnegie Mellon|Fellows da ACM|Alunos do Instituto Superior Técnico|Cientistas da computação de Portugal|Emigrantes portugueses nos Estados Unidos|Mulheres cientistas da computação|	
Margaret_Hamilton	//upload.wikimedia.org/wikipedia/commons/thumb/5/56/Margaret_Hamilton_in_Nothing_Sacred_2.jpg/250px-Margaret_Hamilton_in_Nothing_Sacred_2.jpg	Margaret Hamilton (Cleveland, 9 de dezembro de 1902 — Salisbury, 16 de maio de 1985) foi uma atriz norte-americana que participou do filme O Mágico de Oz, de 1939.	 Norte-americana	|Atores dos Estados Unidos|Portal de Oz|Naturais de Cleveland|	
Margaret_Oakley_Dayhoff	sem foto	A Dr. Margaret Belle (Oakley) Dayhoff (11 de março  de 1925 – 5 de fevereiro de 1983) foi uma físico-química americana e pioneira no campo da bioinformática.1 Dayhoff foi professora no Centro Médico da Universidade de Georgetown e pesquisadora em bioquímica na National Biomedical Research Foundation, onde foi pioneira na aplicação de métodos matemáticos e computacionais ao campo da bioquímica. Ela dedicou sua carreira à aplicação das tecnologias computacionais para promover avanços no campo da biologia e da medicina, em especial  à criação de bases de dados de ácidos nucleicos e proteínas, além de ferramentas para utilizá-las.  Ela obteve seu doutorado na Universidade de Columbia, no Departamento de Química, onde elaborou métodos computacionais para calcular a energia de ressonância molecular de diversos compostos orgânicos. Após passa por pós-doutorados no Instituto Rockefeller Institute (Universidade Rockefeller) e na Universidade de Maryland, e juntou-e ao recém formado National Biomedical Research Foundation em 1959. Foi a primeira mulher a presidir a Biophysical Society, sendo a primeira pessoa a passar tanto pelos cargos de secretária e presidente.2 O trabalho dela originou uma das primeiras matrizes de substituição, Point accepted mutations (PAM). O código de 1 letra utilizado para aminoácidos foi criado por ela, reduzindo o tamanho dos arquivos utilizados para escrever sequências de aminoácidos na era da computação por cartões perfurados.	??	|Nascidos em 1925|Mortos em 1983|Bioquímicos dos Estados Unidos|Mulheres cientistas dos Estados Unidos|Mulheres cientistas da computação|	
Maria_Klawe	//upload.wikimedia.org/wikipedia/commons/thumb/3/36/Maria_Klawe_2015.jpg/200px-Maria_Klawe_2015.jpg	Maria Margaret Klawe (Toronto, 1951) e uma cientista da computação estadunidense nascida no Canadá,1 quinta presidente do Harvey Mudd College (desde 1 de julho de 2006).2		|Nascidos em 1951|Membros da American Mathematical Society|Fellows da ACM|Membros da Academia de Artes e Ciências dos Estados Unidos|Professores da Universidade de Princeton|Professores da Universidade de Toronto|Matemáticos do Canadá|Cientistas da computação dos Estados Unidos|Mulheres cientistas da computação|Mulheres cientistas do Canadá|Mulheres cientistas dos Estados Unidos|Cientistas dos Estados Unidos do século XX|Cientistas dos Estados Unidos do século XXI|Engenheiros dos Estados Unidos do século XX|Matemáticos do século XX|Matemáticos do século XXI|	
Marissa_Mayer	//upload.wikimedia.org/wikipedia/commons/thumb/a/a7/Marissa_Mayer_May_2014_%28cropped%29.jpg/200px-Marissa_Mayer_May_2014_%28cropped%29.jpg			|Nascidos em 1975|Pessoas do Google|Professores da Universidade Stanford|Mulheres na engenharia|Mulheres cientistas da computação|Alunos da Universidade Stanford|Naturais de Wausau (Wisconsin)|Funcionários da Yahoo!|	
Mary_Shaw	//upload.wikimedia.org/wikipedia/commons/thumb/7/7a/Mary-shaw.png/200px-Mary-shaw.png	Mary Shaw (Pensilvânia, 1943) é uma engenheira de software estadunidense. É professora da cátedra Alan J. Perlis de ciência da computação da Carnegie Mellon School of Computer Science da Universidade Carnegie Mellon, conhecida por seu trabalho no campo da arquitetura de software.12	 Estadunidense	|Nascidos em 1943|Professores da Universidade Rice|Professores da Universidade Carnegie Mellon|Mulheres cientistas da computação|Cientistas da computação dos Estados Unidos|Alunos da Universidade Rice|Alunos da Universidade Carnegie Mellon|Naturais da Pensilvânia|	
Nancy_Hafkin	//upload.wikimedia.org/wikipedia/commons/thumb/d/db/Nancy_Hafkin_2013.jpg/200px-Nancy_Hafkin_2013.jpg	Nancy Hafkin é uma pioneira em redes de computadores e desenvolvimento da informação e comunicação eletrônica na África,12 estimulando o Pan African Development Information System (PADIS) da United Nations Economic Commission for Africa (UNECA) de 1987 a 1997.	África do Sul	|Internet Hall of Fame|Cientistas da computação da África do Sul|Mulheres cientistas da computação|	
Nancy_Lynch	sem foto	Nancy Ann Lynch (1948) é uma informática estadunidense.	 Estadunidense	|Nascidos em 1948|Prêmio Knuth|Prêmio Dijkstra|Fellows da ACM|Professores do Instituto de Tecnologia de Massachusetts|Professores do Instituto de Tecnologia da Geórgia|Matemáticos dos Estados Unidos|Mulheres cientistas da computação|Alunos do Instituto de Tecnologia de Massachusetts|	
Nicola_Pellow	//upload.wikimedia.org/wikipedia/commons/5/5a/NPellow.jpg	Nicola Pellow foi membro do Projeto WWW no CERN, trabalhando com  Tim Berners-Lee.1		|Pioneiras da Internet|Programadores|Matemáticos|Mulheres cientistas da computação|	
Radia_Perlman	//upload.wikimedia.org/wikipedia/commons/thumb/a/af/Radia_Perlman_2009.jpg/200px-Radia_Perlman_2009.jpg	Radia Joy Perlman (Portsmouth, 1 de janeiro de 1951) é uma cientista da computação estadunidense, projetista de software e engenheira de redes. É algumas vezes referenciada como a mãe da Internet1 por sua invenção do protocolo Spanning Tree (STP), que é fundamental para a operação de pontes de rede mais conhecida por bridge (redes de computadores), enquanto trabalhava para a Digital Equipment Corporation. Ela também fez grandes contribuições para muitas outras áreas de design e padronização de redes, como os protocolos de roteamento link-state.	Estadunidense	|Nascidos em 1951|Internet Hall of Fame|Pioneiras da Internet|Pioneiros da computação|Inventoras|Cientistas da computação dos Estados Unidos|Mulheres cientistas da computação|Alunos do Instituto de Tecnologia de Massachusetts|Naturais de Portsmouth (Virgínia)|	
Ruth_Misener	//upload.wikimedia.org/wikipedia/commons/thumb/0/0a/Ruth_Misener.jpg/200px-Ruth_Misener.jpg	Ruth Misener é uma cientista da computação e professora associada no Imperial College London. Sua pesquisa se concentra no desenvolvimento de software e algorítimos de otimização para engenharia de eficiência energética e sistemas biomédicos.		|Engenheiros químicos|Mulheres cientistas da computação|	
Ruzena_Bajcsy	sem foto	Ružena Bajcsy (Bratislava, 28 de maio de 1933) é uma cientista da computação estadunidense, especializada em robótica.	Estadunidense	|Nascidos em 1933|Roboticistas dos Estados Unidos|Fellows da ACM|Fellows do Instituto de Engenheiros Eletricistas e Eletrônicos|Membros da Academia de Artes e Ciências dos Estados Unidos|Professores da Universidade da Pensilvânia|Professores da Universidade da Califórnia em Berkeley|Cientistas da computação dos Estados Unidos|Cientistas da computação da Eslováquia|Mulheres cientistas da computação|Alunos da Universidade Stanford|	
Sally_Floyd	sem foto	Sally Floyd era uma cientista da computação do Instituto Internacional de Ciências da Computação em Berkeley, California. Ela se aposentou em 2009. Ela é mais conhecida por seu trabalho em controle de congestionamento na Internet e está no top 10 dos pesquisadores mais citados em ciência da computação.1	??	|Cientistas da computação dos Estados Unidos|Pioneiros da Internet|Alunos da Universidade da Califórnia em Berkeley|Pioneiras da Internet|Mulheres cientistas da computação|Mulheres na tecnologia|	
Shafrira_Goldwasser	//upload.wikimedia.org/wikipedia/commons/thumb/8/84/Shafi_Goldwasser.JPG/200px-Shafi_Goldwasser.JPG	Shafrira Goldwasser ou Shafi Goldwasser ,1 professora de ciências das matemáticas no Instituto Weizmann da Ciência, em Israel,2 co-fundadora e cientista chefe da Duality Technologies,3 diretora do Instituto Simons para a Teoria da Computação em Berkley, CA,456 e associada à RSA Data Security, Inc.	Estadunidense	|Nascidos em 1958|Prêmio Turing|Prêmio Grace Murray Hopper|Membros da Academia Nacional de Ciências dos Estados Unidos|Professores do Instituto de Tecnologia de Massachusetts|Cientistas da computação de Israel|Cientistas da computação dos Estados Unidos|Mulheres cientistas da computação|Alunos da Universidade da Califórnia em Berkeley|	
Sibyl_Martha_Rock	//upload.wikimedia.org/wikipedia/commons/thumb/3/30/Sibyl_Rock_Control_Engineering_1955.jpg/200px-Sibyl_Rock_Control_Engineering_1955.jpg	Sibyl Martha Rock (Butte, 1 de agosto de 1909, — Los Angeles, 17 de novembro de 1981) foi uma pioneira em espectrometria de massa e informática americana.1	 norte-americana	|Nascidos em 1909|Mortos em 1981|Cientistas da computação|Mulheres na ciência|Alunos da Universidade da Califórnia em Los Angeles|	
Sophie_Wilson	//upload.wikimedia.org/wikipedia/commons/thumb/5/59/Sophie_Wilson_Presenting.jpg/200px-Sophie_Wilson_Presenting.jpg	Sophie Wilson (R. Wilson, antes de assumir ser mulher),4 é uma cientista da computação britânica.5	 Britânica[3]	|Nascidos em 1957|Membras da Royal Society|Cientistas da computação do Reino Unido|Personalidades LGBT do Reino Unido|Cientistas LGBT|	
Toniann_Pitassi	sem foto	Toniann Pitassi (Pittsburgh) é uma matemática e cientista da computação estadunidense-canadense, especialista em complexidade computacional.	Estadunidense, canadense	|Professores da Universidade Estadual da Pensilvânia|Professores da Universidade do Arizona|Professores da Universidade de Pittsburgh|Professores da Universidade de Toronto|Matemáticos do Canadá|Cientistas da computação do Canadá|Mulheres cientistas do Canadá|Mulheres cientistas da computação|Matemáticas|Alunos da Universidade de Toronto|Naturais de Pittsburgh|	
Valeria_de_Paiva	sem foto	Valeria Correa Vaz de Paiva é uma matemática e cientista da computação brasileira associada à Nuance Communications. Seu trabalho inclui pesquisa sobre abordagem lógica para computação, usando especialmente teoria das categorias, representação de conhecimento e semântica de língua natural, e programação funcional com foco sobre os fundamentos e teoria dos tipos.12		|Matemáticas|Mulheres cientistas da computação|Lógicos do Brasil|Matemáticos do Rio de Janeiro|Matemáticos dos Estados Unidos|Cientistas da computação do Brasil|Cientistas da computação dos Estados Unidos|Matemáticos do século XX|Matemáticos do século XXI|Alunos da Universidade de Cambridge|	
Valerie_Aurora	//upload.wikimedia.org/wikipedia/commons/thumb/f/f5/Valerie_Aurora_headshot.jpg/200px-Valerie_Aurora_headshot.jpg			|Mulheres cientistas da computação|Feministas dos Estados Unidos|Empregados da IBM|Programadores de software livre|Pessoas da Intel|Pessoas do Linux|	
Wendy_Kellogg	sem foto	Wendy A. Kellogg é uma psicóloga e cientista da computação estadunidense, especialista em interação humano-computador. Fundou o Social Computing Group do Thomas J. Watson Research Center da IBM Research,1 participando na fundação da área da computação social.		|Pesquisadores da interação humano-computador|Mulheres cientistas da computação|Cientistas da computação dos Estados Unidos|Psicólogos dos Estados Unidos|Alunos da Universidade de Oregon|	
Yael_Tauman_Kalai	//upload.wikimedia.org/wikipedia/commons/thumb/2/28/Yael_Tauman_Kalai_portrait-public.jpg/200px-Yael_Tauman_Kalai_portrait-public.jpg	Yael Tauman Kalai é uma criptografista e cientista da computação teórica que trabalha como Principal Researcher na Microsoft Research12 e professora adjunta no Instituto de Tecnologia de Massachusetts (MIT) no Computer Science and Artificial Intelligence Lab.3		|Professores do Instituto de Tecnologia da Geórgia|Mulheres cientistas da computação|Criptógrafos de Israel|Criptógrafos dos Estados Unidos|Cientistas da computação de Israel|Cientistas da computação dos Estados Unidos|Alunos da Universidade Hebraica de Jerusalém|Alunos do Instituto Weizmann|Alunos do Instituto de Tecnologia de Massachusetts|	
